year,tmID,confID,playoff,championship,season_wins,season_losses,matches,win_rate,post_matches,post_win_rate,o_pts,o_oreb,o_dreb,o_asts,o_stl,o_to,o_blk,o_pf,offensive_accuracy,d_pts,d_oreb,d_dreb,d_asts,d_stl,d_to,d_blk,d_pf,deffensive_accuracy
9,ATL,EA,N,0,4,30,34,0.11764705882352941,0.0,0.0,74.52941176470588,10.0,21.676470588235293,14.470588235294118,8.382352941176471,17.441176470588236,4.176470588235294,23.41176470588235,49.391577223584164,84.67647058823529,11.794117647058824,25.41176470588235,20.11764705882353,9.117647058823529,16.5,3.9411764705882355,21.352941176470587,51.071593382559
10,ATL,EA,Y,0,18,16,68,0.3235294117647059,2.0,0.0,84.1470588235294,11.882352941176471,25.147058823529413,16.08823529411765,9.676470588235293,17.352941176470587,3.5588235294117645,21.794117647058822,50.232417217278936,82.26470588235294,10.382352941176471,24.147058823529413,18.08823529411765,10.205882352941176,17.676470588235293,3.911764705882353,20.58823529411765,51.20805767822976
1,CHA,EA,N,0,8,24,32,0.25,0.0,0.0,68.3125,9.53125,19.6875,17.21875,6.9375,15.5,2.8125,22.28125,50.43466673299359,75.90625,10.1875,20.75,18.625,8.09375,13.3125,3.84375,18.625,50.869831902692475
2,CHA,EA,Y,0,18,14,64,0.40625,8.0,0.5,64.21875,9.65625,19.96875,14.59375,6.78125,14.8125,3.5625,18.90625,51.76976368748919,62.78125,10.75,17.71875,13.84375,8.03125,13.96875,3.875,18.09375,49.079334948067
3,CHA,EA,Y,0,18,14,96,0.4583333333333333,10.0,0.4,70.03125,9.4375,20.40625,15.5,7.53125,12.75,3.28125,20.21875,52.32039870395483,66.65625,9.21875,19.375,15.28125,6.5,13.25,3.21875,18.75,51.01832225017267
4,CHA,EA,Y,0,18,16,130,0.47692307692307695,12.0,0.3333333333333333,65.20588235294117,10.058823529411764,18.5,14.676470588235293,8.205882352941176,14.617647058823529,3.3823529411764706,20.5,51.76593182059426,64.55882352941177,11.352941176470589,18.264705882352942,14.441176470588236,7.764705882352941,13.794117647058824,3.0588235294117645,17.823529411764707,48.98536762100248
5,CHA,EA,N,0,16,18,164,0.47560975609756095,12.0,0.3333333333333333,61.529411764705884,7.529411764705882,18.11764705882353,12.529411764705882,6.176470588235294,14.088235294117647,3.9411764705882355,19.058823529411764,50.92725744501686,63.76470588235294,10.823529411764707,18.470588235294116,15.176470588235293,7.147058823529412,12.852941176470589,3.3529411764705883,17.5,51.09128207402367
6,CHA,EA,N,0,6,28,198,0.42424242424242425,12.0,0.3333333333333333,61.61764705882353,9.294117647058824,17.91176470588235,14.5,8.352941176470589,15.735294117647058,3.323529411764706,21.38235294117647,48.84719100845908,68.67647058823529,10.441176470588236,20.58823529411765,14.588235294117647,7.911764705882353,15.705882352941176,4.294117647058823,19.235294117647058,51.01360764418534
7,CHA,EA,N,0,11,23,232,0.40948275862068967,12.0,0.3333333333333333,72.23529411764706,10.205882352941176,21.970588235294116,15.5,9.264705882352942,16.88235294117647,4.5588235294117645,21.58823529411765,47.688277902181646,75.61764705882354,10.882352941176471,25.58823529411765,15.352941176470589,8.411764705882353,18.205882352941178,3.676470588235294,20.794117647058822,50.27332005510783
7,CHI,EA,N,0,5,29,34,0.14705882352941177,0.0,0.0,68.29411764705883,10.5,20.0,14.970588235294118,8.147058823529411,15.5,3.676470588235294,19.823529411764707,46.189415847773525,79.02941176470588,11.147058823529411,25.294117647058822,18.323529411764707,7.705882352941177,15.735294117647058,3.5294117647058822,17.176470588235293,52.196080826402
8,CHI,EA,N,0,14,20,68,0.27941176470588236,0.0,0.0,74.26470588235294,11.264705882352942,23.0,17.558823529411764,7.705882352941177,15.0,3.2941176470588234,18.647058823529413,47.48321960750726,76.79411764705883,11.147058823529411,24.88235294117647,17.176470588235293,7.117647058823529,16.647058823529413,4.0588235294117645,20.08823529411765,53.0748641804429
9,CHI,EA,N,0,12,22,102,0.30392156862745096,0.0,0.0,72.70588235294117,10.5,22.647058823529413,16.11764705882353,7.911764705882353,15.441176470588236,4.382352941176471,18.794117647058822,48.175238801490195,73.82352941176471,10.764705882352942,23.352941176470587,15.617647058823529,7.5,15.352941176470589,3.6470588235294117,20.029411764705884,50.780510688962806
10,CHI,EA,N,0,16,18,136,0.34558823529411764,0.0,0.0,75.67647058823529,9.029411764705882,22.823529411764707,15.647058823529411,7.323529411764706,15.647058823529411,4.0588235294117645,17.794117647058822,53.02531591624843,79.20588235294117,10.558823529411764,23.441176470588236,17.941176470588236,8.029411764705882,14.382352941176471,3.5588235294117645,18.705882352941178,52.37582616315625
1,CLE,EA,Y,0,17,15,32,0.53125,6.0,0.5,68.28125,10.34375,18.84375,16.84375,8.09375,16.8125,2.84375,20.21875,51.21219808482276,66.3125,8.65625,18.625,16.875,9.53125,17.25,2.96875,21.65625,51.44461775463427
2,CLE,EA,Y,0,22,10,64,0.609375,9.0,0.4444444444444444,62.625,9.28125,20.6875,15.71875,8.34375,13.875,2.59375,16.625,49.47083400472604,55.875,9.28125,18.5625,13.5625,7.03125,15.5,3.96875,18.65625,47.860042021366255
3,CLE,EA,N,0,10,22,96,0.5104166666666666,9.0,0.4444444444444444,64.71875,9.21875,21.0625,15.0,6.90625,14.09375,2.59375,17.71875,50.622956095778136,66.875,8.6875,20.0,16.5625,7.5625,13.375,3.40625,19.15625,51.14779631667924
4,CLE,EA,Y,0,17,17,130,0.5076923076923077,12.0,0.4166666666666667,65.55882352941177,10.264705882352942,21.176470588235293,15.205882352941176,6.647058823529412,13.705882352941176,2.5294117647058822,18.794117647058822,48.39742350077027,65.0,8.823529411764707,20.705882352941178,15.0,6.5588235294117645,13.735294117647058,3.9705882352941178,19.38235294117647,51.45442139254567
4,CON,EA,Y,0,18,16,34,0.5294117647058824,4.0,0.5,70.11764705882354,9.794117647058824,22.41176470588235,15.294117647058824,7.9411764705882355,12.764705882352942,3.264705882352941,19.5,49.16425157376018,70.8529411764706,10.764705882352942,23.88235294117647,16.264705882352942,7.411764705882353,14.0,2.588235294117647,19.676470588235293,49.59523058833933
5,CON,EA,Y,0,18,16,68,0.5294117647058824,12.0,0.5833333333333334,68.67647058823529,9.441176470588236,21.294117647058822,16.823529411764707,8.794117647058824,13.588235294117647,2.823529411764706,17.941176470588236,49.39199212116105,67.76470588235294,9.0,22.264705882352942,16.61764705882353,7.029411764705882,14.470588235294118,3.323529411764706,18.441176470588236,51.56766097814253
6,CON,EA,Y,1,26,8,102,0.6078431372549019,20.0,0.6,72.76470588235294,9.470588235294118,23.176470588235293,16.852941176470587,6.9411764705882355,13.294117647058824,3.823529411764706,18.352941176470587,51.50190648976248,66.0,10.294117647058824,21.41176470588235,14.558823529411764,7.588235294117647,13.0,2.323529411764706,19.852941176470587,48.573667753133535
7,CON,EA,Y,0,26,8,136,0.6470588235294118,25.0,0.6,78.91176470588235,10.058823529411764,27.235294117647058,18.529411764705884,7.411764705882353,15.117647058823529,4.5,15.588235294117647,53.057489073982325,71.08823529411765,10.882352941176471,23.029411764705884,15.529411764705882,8.029411764705882,14.294117647058824,3.0294117647058822,19.0,47.96907786823635
8,CON,EA,Y,0,18,16,170,0.6235294117647059,28.0,0.5714285714285714,78.67647058823529,10.411764705882353,25.529411764705884,18.205882352941178,8.0,15.882352941176471,4.588235294117647,18.852941176470587,51.61041536773925,76.26470588235294,9.911764705882353,24.764705882352942,17.08823529411765,7.235294117647059,15.411764705882353,2.5,18.61764705882353,50.742944616607474
9,CON,EA,Y,0,21,13,204,0.6225490196078431,31.0,0.5483870967741935,79.11764705882354,10.882352941176471,25.558823529411764,17.852941176470587,6.205882352941177,14.323529411764707,2.8529411764705883,18.5,49.93277902701302,74.73529411764706,10.588235294117647,24.705882352941178,16.294117647058822,7.411764705882353,14.676470588235293,3.0588235294117645,20.676470588235293,49.28341743085553
10,CON,EA,N,0,16,18,238,0.6008403361344538,31.0,0.5483870967741935,77.97058823529412,10.529411764705882,24.294117647058822,17.88235294117647,7.352941176470588,13.323529411764707,3.823529411764706,19.91176470588235,48.96468827297086,78.05882352941177,9.676470588235293,27.794117647058822,15.441176470588236,7.294117647058823,16.147058823529413,3.676470588235294,20.11764705882353,51.33846753215372
1,DET,EA,N,0,14,18,32,0.4375,0.0,0.0,72.84375,10.65625,20.125,15.71875,8.125,16.5625,2.75,21.90625,48.642046238612764,75.8125,10.34375,20.0,16.03125,8.875,16.96875,4.625,21.0,52.062640892714704
2,DET,EA,N,0,10,22,64,0.375,0.0,0.0,65.71875,10.125,19.40625,14.65625,7.03125,15.5625,2.5625,18.8125,50.58742453208812,70.90625,8.71875,21.9375,13.6875,8.1875,15.09375,3.40625,18.46875,53.3386732739747
3,DET,EA,N,0,9,23,96,0.34375,0.0,0.0,66.0625,11.25,22.46875,14.9375,6.28125,16.90625,4.125,19.03125,47.54674790227581,70.8125,9.8125,20.90625,14.53125,8.65625,13.84375,4.34375,19.90625,50.36342607917034
4,DET,EA,Y,1,25,9,130,0.4461538461538462,8.0,0.75,75.08823529411765,11.147058823529411,25.029411764705884,16.029411764705884,7.735294117647059,17.88235294117647,4.647058823529412,17.794117647058822,51.48598992070828,70.44117647058823,11.470588235294118,19.823529411764707,14.823529411764707,9.088235294117647,14.617647058823529,3.7941176470588234,22.764705882352942,47.90389742242427
5,DET,EA,Y,0,17,17,164,0.4573170731707317,11.0,0.6363636363636364,69.58823529411765,11.676470588235293,22.735294117647058,16.58823529411765,8.147058823529411,15.088235294117647,4.352941176470588,19.058823529411764,47.18189347735316,70.02941176470588,9.558823529411764,21.470588235294116,15.147058823529411,8.5,14.588235294117647,3.8529411764705883,21.41176470588235,51.334005025413646
6,DET,EA,Y,0,16,18,198,0.4595959595959596,13.0,0.5384615384615384,66.08823529411765,12.117647058823529,23.61764705882353,13.941176470588236,7.088235294117647,16.794117647058822,4.5588235294117645,22.38235294117647,46.011617612098405,67.26470588235294,8.029411764705882,21.91176470588235,13.911764705882353,8.0,15.294117647058824,4.0,21.88235294117647,49.67136670590078
7,DET,EA,Y,1,23,11,232,0.49137931034482757,23.0,0.6086956521739131,74.32352941176471,11.941176470588236,25.88235294117647,16.823529411764707,6.264705882352941,15.794117647058824,4.029411764705882,20.91176470588235,49.458441423122615,70.11764705882354,9.529411764705882,22.352941176470587,13.941176470588236,8.088235294117647,14.882352941176471,3.176470588235294,21.558823529411764,48.449832489591586
8,DET,EA,Y,0,24,10,266,0.518796992481203,34.0,0.5882352941176471,79.32352941176471,11.176470588235293,27.38235294117647,16.558823529411764,6.676470588235294,16.58823529411765,3.4411764705882355,20.647058823529413,51.510870729580674,74.70588235294117,9.088235294117647,22.941176470588236,16.058823529411764,8.117647058823529,15.558823529411764,3.4411764705882355,22.558823529411764,49.67642920657623
9,DET,EA,Y,1,22,12,300,0.5333333333333333,43.0,0.627906976744186,78.58823529411765,11.911764705882353,24.794117647058822,17.764705882352942,8.176470588235293,14.588235294117647,3.4705882352941178,21.294117647058822,50.82179586290908,74.17647058823529,9.529411764705882,22.38235294117647,15.294117647058824,6.735294117647059,16.823529411764707,3.5,22.41176470588235,50.5076541792023
10,DET,EA,Y,0,18,16,334,0.5329341317365269,48.0,0.625,78.0,10.970588235294118,25.08823529411765,16.91176470588235,7.676470588235294,16.058823529411764,2.8529411764705883,22.529411764705884,50.96270373000383,77.76470588235294,9.411764705882353,22.970588235294116,15.411764705882353,8.205882352941176,15.617647058823529,3.235294117647059,21.058823529411764,50.920234220950775
1,HOU,WE,Y,1,27,5,32,0.84375,6.0,1.0,77.34375,8.53125,22.625,15.4375,8.875,13.75,3.25,17.3125,54.750166888052966,64.5625,9.0625,19.125,14.78125,7.28125,15.0,2.65625,20.25,47.68566432714064
2,HOU,WE,Y,0,19,13,64,0.71875,8.0,0.75,63.96875,10.875,22.1875,13.3125,7.84375,13.625,2.96875,15.90625,49.28983848818406,62.3125,9.28125,21.40625,14.125,7.75,13.53125,3.75,17.53125,48.15257371019453
3,HOU,WE,Y,0,24,8,96,0.7291666666666666,11.0,0.6363636363636364,64.75,9.34375,21.9375,14.0625,8.125,14.21875,3.9375,14.59375,50.91022160228118,59.125,9.65625,20.75,13.9375,8.1875,14.5,2.21875,18.9375,47.20314469961574
4,HOU,WE,Y,0,20,14,130,0.6923076923076923,14.0,0.5714285714285714,66.0,7.823529411764706,22.470588235294116,13.676470588235293,6.794117647058823,13.235294117647058,3.7941176470588234,14.411764705882353,51.82619906890431,63.0,8.764705882352942,20.823529411764707,15.176470588235293,6.676470588235294,12.647058823529411,3.588235294117647,18.647058823529413,48.978591954022995
5,HOU,WE,N,0,13,21,164,0.6280487804878049,14.0,0.5714285714285714,64.02941176470588,9.147058823529411,21.294117647058822,13.264705882352942,7.117647058823529,14.235294117647058,3.1470588235294117,16.323529411764707,50.037355479665365,65.02941176470588,9.852941176470589,21.176470588235293,15.852941176470589,7.588235294117647,13.852941176470589,3.7941176470588234,19.264705882352942,50.06385253908011
6,HOU,WE,Y,0,19,15,198,0.6161616161616161,19.0,0.5263157894736842,67.91176470588235,8.117647058823529,20.11764705882353,13.735294117647058,7.235294117647059,12.5,3.088235294117647,17.08823529411765,50.47079356663132,66.55882352941177,8.058823529411764,20.205882352941178,15.911764705882353,5.794117647058823,14.147058823529411,3.264705882352941,20.147058823529413,51.188285375614704
7,HOU,WE,Y,0,18,16,232,0.603448275862069,21.0,0.47619047619047616,73.73529411764706,8.911764705882353,24.176470588235293,15.647058823529411,7.411764705882353,16.647058823529413,2.4705882352941178,18.147058823529413,50.376377550680786,72.02941176470588,9.911764705882353,23.147058823529413,15.470588235294118,8.764705882352942,15.264705882352942,2.6176470588235294,20.735294117647058,47.92449806218493
8,HOU,WE,N,0,13,21,266,0.575187969924812,21.0,0.47619047619047616,73.82352941176471,11.0,22.647058823529413,16.41176470588235,8.5,18.61764705882353,3.2058823529411766,19.264705882352942,51.31207218534306,77.29411764705883,10.058823529411764,21.205882352941178,17.294117647058822,9.117647058823529,16.705882352941178,4.705882352941177,19.91176470588235,52.449617527345325
9,HOU,WE,N,0,17,17,300,0.5666666666666667,21.0,0.47619047619047616,75.32352941176471,11.058823529411764,23.61764705882353,16.352941176470587,8.676470588235293,17.61764705882353,3.5294117647058822,21.41176470588235,49.93449512859275,76.6470588235294,10.264705882352942,21.852941176470587,15.941176470588236,9.205882352941176,16.323529411764707,4.852941176470588,21.88235294117647,51.13812631881387
1,IND,EA,N,0,9,23,32,0.28125,0.0,0.0,69.15625,8.90625,20.21875,15.65625,8.46875,16.1875,3.9375,20.0625,51.85725764853797,71.5625,10.03125,19.78125,16.5,8.34375,14.875,2.34375,19.125,50.182706769413535
2,IND,EA,N,0,10,22,64,0.296875,0.0,0.0,67.28125,8.9375,20.28125,14.3125,7.5625,15.34375,3.6875,18.75,52.29620112252395,70.28125,9.5625,20.625,17.65625,8.0,14.5625,4.375,19.25,50.42738488994618
3,IND,EA,Y,0,16,16,96,0.3645833333333333,3.0,0.3333333333333333,65.53125,9.84375,19.78125,13.96875,8.375,13.6875,3.125,17.46875,50.550747217778365,66.53125,9.0,20.125,15.84375,7.0625,14.6875,4.53125,20.21875,50.1781080607493
4,IND,EA,N,0,16,18,130,0.3923076923076923,3.0,0.3333333333333333,68.73529411764706,9.823529411764707,19.235294117647058,15.852941176470589,8.794117647058824,13.941176470588236,3.5588235294117645,19.647058823529413,52.15728973181546,68.26470588235294,9.088235294117647,19.91176470588235,16.764705882352942,6.676470588235294,15.058823529411764,5.0,18.558823529411764,52.6541979618275
5,IND,EA,N,0,15,19,164,0.4024390243902439,3.0,0.3333333333333333,64.6470588235294,11.647058823529411,20.735294117647058,16.323529411764707,7.676470588235294,14.294117647058824,3.9411764705882355,18.794117647058822,50.477102083782576,66.02941176470588,8.264705882352942,20.235294117647058,15.117647058823529,7.882352941176471,13.705882352941176,4.764705882352941,17.735294117647058,50.57650796253078
6,IND,EA,Y,0,21,13,198,0.4393939393939394,7.0,0.42857142857142855,63.8235294117647,10.029411764705882,19.735294117647058,14.5,9.882352941176471,14.029411764705882,2.7941176470588234,19.647058823529413,49.35284220809667,62.73529411764706,8.205882352941176,20.91176470588235,12.794117647058824,6.882352941176471,16.41176470588235,3.323529411764706,18.941176470588236,49.423174998187655
7,IND,EA,Y,0,21,13,232,0.46551724137931033,9.0,0.3333333333333333,71.61764705882354,9.970588235294118,22.205882352941178,14.735294117647058,10.411764705882353,15.529411764705882,2.735294117647059,17.823529411764707,49.45999509187383,68.11764705882354,8.470588235294118,22.735294117647058,14.911764705882353,7.617647058823529,18.147058823529413,3.088235294117647,20.147058823529413,49.31951389025459
8,IND,EA,Y,0,21,13,266,0.4849624060150376,15.0,0.4,72.94117647058823,10.029411764705882,23.88235294117647,15.029411764705882,9.058823529411764,17.323529411764707,4.0,19.0,51.25299020024604,69.70588235294117,10.852941176470589,23.38235294117647,13.970588235294118,8.235294117647058,17.941176470588236,3.3529411764705883,19.5,48.972326351687954
9,IND,EA,Y,0,17,17,300,0.4866666666666667,18.0,0.3888888888888889,72.73529411764706,10.264705882352942,22.88235294117647,14.705882352941176,9.529411764705882,17.205882352941178,4.852941176470588,21.38235294117647,49.93273912417086,72.26470588235294,9.941176470588236,24.5,14.029411764705882,8.647058823529411,17.88235294117647,3.823529411764706,19.38235294117647,50.30245283406708
10,IND,EA,Y,0,22,12,334,0.5029940119760479,28.0,0.4642857142857143,76.6470588235294,10.058823529411764,22.941176470588236,15.5,10.970588235294118,15.617647058823529,3.4411764705882355,20.352941176470587,51.948217908202196,73.55882352941177,9.352941176470589,24.970588235294116,14.647058823529411,7.970588235294118,18.764705882352942,3.411764705882353,20.58823529411765,50.41566390057085
1,LAS,WE,Y,0,28,4,32,0.875,4.0,0.5,75.53125,9.625,24.46875,18.3125,8.46875,14.5625,4.875,22.03125,51.9492747531729,67.78125,9.375,21.1875,13.90625,7.59375,15.15625,3.28125,20.3125,46.86769102630636
2,LAS,WE,Y,1,28,4,64,0.875,11.0,0.7272727272727273,76.28125,10.9375,23.59375,18.625,8.78125,13.6875,4.3125,19.25,52.46246959846713,67.6875,9.1875,19.59375,16.8125,7.3125,14.15625,3.5625,18.46875,49.04543893780682
3,LAS,WE,Y,1,25,7,96,0.84375,17.0,0.8235294117647058,76.625,10.28125,25.4375,18.21875,8.03125,16.15625,5.03125,20.75,51.99128234350632,69.84375,9.8125,20.15625,15.875,8.59375,14.15625,3.46875,19.46875,48.0885115645135
4,LAS,WE,Y,0,24,10,130,0.8076923076923077,26.0,0.7307692307692307,73.5,9.882352941176471,23.91176470588235,17.264705882352942,7.117647058823529,13.823529411764707,4.735294117647059,20.058823529411764,51.31126207071125,71.52941176470588,9.294117647058824,23.205882352941178,16.823529411764707,7.088235294117647,13.764705882352942,3.735294117647059,19.235294117647058,49.47550658154602
5,LAS,WE,Y,0,25,9,164,0.7926829268292683,29.0,0.6896551724137931,73.38235294117646,9.176470588235293,23.794117647058822,18.41176470588235,7.705882352941177,15.558823529411764,4.352941176470588,21.5,51.67417088444136,69.44117647058823,9.970588235294118,21.38235294117647,15.647058823529411,8.470588235294118,15.382352941176471,3.3529411764705883,20.705882352941178,48.71539849442007
6,LAS,WE,Y,0,17,17,198,0.7424242424242424,31.0,0.6451612903225806,68.41176470588235,9.441176470588236,20.08823529411765,16.205882352941178,7.764705882352941,14.470588235294118,4.0,21.676470588235293,49.05816659068146,68.97058823529412,9.764705882352942,20.852941176470587,16.676470588235293,7.264705882352941,16.0,3.3823529411764706,19.235294117647058,50.412970639252364
7,LAS,WE,Y,0,25,9,232,0.7413793103448276,36.0,0.6111111111111112,75.73529411764706,10.294117647058824,25.058823529411764,17.941176470588236,8.705882352941176,15.705882352941176,3.7941176470588234,19.970588235294116,49.21667179420266,72.82352941176471,9.882352941176471,21.941176470588236,16.61764705882353,8.352941176470589,16.352941176470587,3.764705882352941,18.705882352941178,49.474097554066894
8,LAS,WE,N,0,10,24,266,0.6842105263157895,36.0,0.6111111111111112,74.5,10.470588235294118,23.029411764705884,16.294117647058822,7.205882352941177,16.794117647058822,3.1470588235294117,21.529411764705884,51.49900650528576,79.6470588235294,10.088235294117647,24.58823529411765,18.11764705882353,8.529411764705882,16.176470588235293,4.029411764705882,17.794117647058822,51.60712026719558
9,LAS,WE,Y,0,20,14,300,0.6733333333333333,42.0,0.5952380952380952,76.41176470588235,11.352941176470589,26.352941176470587,18.029411764705884,7.382352941176471,17.88235294117647,6.352941176470588,20.970588235294116,49.5820268519731,74.20588235294117,10.558823529411764,22.58823529411765,15.088235294117647,8.911764705882353,15.382352941176471,4.147058823529412,21.08823529411765,49.03198488395069
10,LAS,WE,Y,0,18,16,334,0.6586826347305389,48.0,0.5833333333333334,74.5,10.735294117647058,25.970588235294116,17.264705882352942,6.382352941176471,16.705882352941178,4.882352941176471,17.147058823529413,50.585146964343075,73.47058823529412,9.411764705882353,21.470588235294116,15.176470588235293,8.823529411764707,13.617647058823529,3.3823529411764706,18.294117647058822,50.09900858464016
1,MIA,EA,N,0,13,19,32,0.40625,0.0,0.0,57.21875,11.40625,18.59375,12.96875,8.5,16.375,2.75,22.09375,43.987631801526945,62.53125,8.59375,20.25,13.0,7.71875,16.5,3.6875,20.65625,50.73741615193694
2,MIA,EA,Y,0,20,12,64,0.515625,3.0,0.3333333333333333,61.15625,9.125,20.34375,14.59375,9.375,14.0,4.78125,18.8125,49.57468319831509,59.3125,9.40625,20.84375,12.125,8.09375,16.0,2.71875,16.8125,47.05687903486472
3,MIA,EA,N,0,15,17,96,0.5,3.0,0.3333333333333333,63.9375,9.25,17.90625,14.875,8.5625,13.59375,3.0,20.09375,48.20626441417717,65.25,8.6875,21.65625,13.9375,6.9375,16.09375,3.25,18.375,51.139215083627946
1,MIN,WE,N,0,15,17,32,0.46875,0.0,0.0,68.53125,8.0625,19.125,15.46875,7.40625,15.53125,1.96875,21.5625,51.20830411870904,68.375,9.375,21.15625,14.75,8.59375,17.09375,4.0625,22.09375,50.087179154300884
2,MIN,WE,N,0,12,20,64,0.421875,0.0,0.0,64.90625,9.625,21.65625,13.65625,6.5625,15.84375,3.96875,21.71875,48.61573847525942,67.375,10.25,21.5,15.96875,8.09375,14.6875,3.9375,22.46875,50.469197733046435
3,MIN,WE,N,0,10,22,96,0.3854166666666667,0.0,0.0,62.59375,9.65625,20.3125,14.5625,7.0625,16.53125,3.1875,19.28125,46.80690741913999,65.75,9.4375,19.125,15.46875,8.53125,14.53125,3.65625,19.3125,51.36499840106418
4,MIN,WE,Y,0,18,16,130,0.4230769230769231,3.0,0.3333333333333333,70.0,10.617647058823529,21.11764705882353,17.058823529411764,7.117647058823529,16.41176470588235,2.9705882352941178,18.647058823529413,50.234377427490216,69.70588235294117,9.911764705882353,19.176470588235293,15.529411764705882,7.970588235294118,13.852941176470589,3.7058823529411766,19.58823529411765,49.60496943862551
5,MIN,WE,Y,0,18,16,164,0.4451219512195122,5.0,0.2,63.6764705882353,9.764705882352942,21.294117647058822,15.470588235294118,7.5588235294117645,18.029411764705884,4.088235294117647,19.41176470588235,47.98758254029909,64.41176470588235,9.5,20.970588235294116,14.941176470588236,9.794117647058824,14.764705882352942,3.911764705882353,19.88235294117647,47.29774206283907
6,MIN,WE,N,0,14,20,198,0.4393939393939394,5.0,0.2,65.02941176470588,9.117647058823529,21.029411764705884,15.617647058823529,7.588235294117647,15.764705882352942,3.735294117647059,18.352941176470587,49.61095088170247,67.29411764705883,10.117647058823529,20.91176470588235,15.794117647058824,8.088235294117647,14.323529411764707,4.235294117647059,19.558823529411764,50.16088117930456
7,MIN,WE,N,0,10,24,232,0.41810344827586204,5.0,0.2,74.20588235294117,10.0,23.647058823529413,14.441176470588236,5.676470588235294,15.588235294117647,3.323529411764706,19.235294117647058,49.76061094692021,80.44117647058823,10.941176470588236,24.470588235294116,18.38235294117647,9.058823529411764,12.882352941176471,3.6470588235294117,18.61764705882353,50.87695695699497
8,MIN,WE,N,0,10,24,266,0.40225563909774437,5.0,0.2,77.52941176470588,11.676470588235293,23.08823529411765,17.529411764705884,7.0,16.5,2.7941176470588234,20.970588235294116,50.959236173477265,80.94117647058823,9.352941176470589,23.529411764705884,16.61764705882353,8.205882352941176,15.558823529411764,4.323529411764706,18.970588235294116,52.78964928733229
9,MIN,WE,N,0,16,18,300,0.41,5.0,0.2,81.38235294117646,10.382352941176471,23.294117647058822,16.38235294117647,9.088235294117647,13.882352941176471,3.8529411764705883,22.08823529411765,50.23239404882974,80.02941176470588,10.294117647058824,25.352941176470587,17.264705882352942,7.294117647058823,17.029411764705884,4.117647058823529,22.0,50.88346507016103
10,MIN,WE,N,0,14,20,334,0.4101796407185629,5.0,0.2,80.32352941176471,9.558823529411764,22.41176470588235,14.970588235294118,8.852941176470589,15.088235294117647,3.764705882352941,20.38235294117647,51.34038529335526,83.1470588235294,9.323529411764707,24.941176470588236,17.323529411764707,7.352941176470588,15.970588235294118,4.117647058823529,20.41176470588235,53.884359289936555
1,NYL,EA,Y,0,20,12,32,0.625,7.0,0.5714285714285714,67.125,9.0,20.375,14.90625,7.6875,14.8125,3.1875,19.28125,51.12954946288279,63.59375,10.0,20.21875,14.4375,6.96875,14.96875,2.9375,20.15625,47.45214602737533
2,NYL,EA,Y,0,21,11,64,0.640625,13.0,0.5384615384615384,67.5625,7.96875,20.625,17.28125,8.28125,13.65625,2.5625,19.25,50.25789279458619,65.0625,9.5,21.21875,13.4375,6.96875,15.5,2.375,18.75,49.36145156670697
3,NYL,EA,Y,0,18,14,96,0.6145833333333334,21.0,0.5238095238095238,65.28125,8.125,19.0625,15.5,8.15625,14.3125,3.125,19.9375,50.3881844351193,62.96875,9.75,20.28125,12.8125,7.125,14.9375,2.75,18.65625,49.747869811681205
4,NYL,EA,N,0,16,18,130,0.5769230769230769,21.0,0.5238095238095238,65.97058823529412,7.970588235294118,20.176470588235293,15.5,7.705882352941177,13.823529411764707,3.764705882352941,17.264705882352942,51.94141621903238,66.3529411764706,9.588235294117647,21.647058823529413,14.882352941176471,7.911764705882353,14.117647058823529,2.823529411764706,18.058823529411764,51.36714554793691
5,NYL,EA,Y,0,18,16,164,0.5670731707317073,26.0,0.5,66.23529411764706,7.735294117647059,21.794117647058822,15.852941176470589,6.147058823529412,14.882352941176471,3.6470588235294117,17.264705882352942,50.78410903208549,67.55882352941177,10.911764705882353,21.470588235294116,15.205882352941176,8.470588235294118,12.647058823529411,3.6176470588235294,17.323529411764707,49.17798681320613
6,NYL,EA,Y,0,18,16,198,0.5606060606060606,28.0,0.4642857142857143,68.11764705882354,7.117647058823529,21.529411764705884,14.647058823529411,6.294117647058823,13.588235294117647,3.2941176470588234,18.029411764705884,53.593450764176254,67.20588235294117,10.147058823529411,20.147058823529413,13.911764705882353,8.088235294117647,12.088235294117647,2.5294117647058822,17.352941176470587,48.93274685835441
7,NYL,EA,N,0,11,23,232,0.5258620689655172,28.0,0.4642857142857143,69.76470588235294,8.382352941176471,21.647058823529413,13.970588235294118,7.411764705882353,16.941176470588236,3.2941176470588234,19.823529411764707,50.66231356887443,78.11764705882354,10.029411764705882,24.470588235294116,14.941176470588236,7.9411764705882355,14.264705882352942,3.9411764705882355,19.647058823529413,52.85123327986102
8,NYL,EA,Y,0,16,18,266,0.518796992481203,31.0,0.45161290322580644,70.97058823529412,8.441176470588236,23.176470588235293,14.705882352941176,8.5,18.0,3.2058823529411766,18.176470588235293,51.012475422988345,73.55882352941177,11.117647058823529,24.61764705882353,14.970588235294118,9.441176470588236,16.529411764705884,3.3823529411764706,17.88235294117647,49.911349361143785
9,NYL,EA,Y,0,19,15,300,0.5233333333333333,37.0,0.4594594594594595,75.67647058823529,9.617647058823529,22.88235294117647,16.205882352941178,8.529411764705882,16.08823529411765,3.4411764705882355,19.264705882352942,51.26341930378078,74.6470588235294,10.352941176470589,24.205882352941178,14.588235294117647,8.382352941176471,16.441176470588236,3.2058823529411766,18.38235294117647,51.71753292107309
10,NYL,EA,N,0,13,21,334,0.5089820359281437,37.0,0.4594594594594595,73.88235294117646,8.235294117647058,23.58823529411765,15.470588235294118,8.117647058823529,15.970588235294118,3.5588235294117645,18.735294117647058,51.9939070306922,74.55882352941177,9.794117647058824,25.558823529411764,14.176470588235293,7.911764705882353,16.11764705882353,3.6470588235294117,17.352941176470587,51.85342237252998
1,ORL,EA,Y,0,16,16,32,0.5,3.0,0.3333333333333333,69.0,9.96875,18.9375,14.78125,7.96875,15.1875,4.0625,18.21875,50.16615983597116,69.78125,10.875,20.90625,16.75,8.25,15.625,3.375,19.90625,51.23119175461335
2,ORL,EA,N,0,13,19,64,0.453125,3.0,0.3333333333333333,66.875,11.125,19.1875,14.125,10.0,16.625,3.90625,20.09375,48.69533060540892,68.90625,9.875,20.59375,16.6875,9.3125,17.0625,3.5625,18.75,50.643508649382305
3,ORL,EA,N,0,16,16,96,0.46875,3.0,0.3333333333333333,70.4375,10.0,18.59375,13.9375,9.21875,14.25,3.53125,20.90625,49.99480257933632,70.46875,11.3125,21.375,16.21875,7.84375,16.90625,3.375,19.90625,51.21639855682976
1,PHO,WE,Y,0,20,12,32,0.625,2.0,0.0,70.09375,8.59375,19.34375,14.53125,8.90625,13.40625,2.84375,19.6875,51.230958209643795,65.6875,10.4375,19.84375,15.1875,7.0,16.59375,2.84375,21.84375,49.361174296963114
2,PHO,WE,N,0,13,19,64,0.515625,2.0,0.0,64.5,9.375,20.0625,16.0625,9.125,16.21875,4.3125,19.53125,48.61605000780768,67.78125,10.40625,21.8125,16.375,8.84375,16.15625,3.96875,18.84375,51.8794794901265
3,PHO,WE,N,0,11,21,96,0.4583333333333333,2.0,0.0,65.34375,9.125,19.5625,13.34375,8.34375,15.65625,2.9375,19.46875,49.248832941077765,71.59375,9.65625,21.625,16.625,8.375,15.34375,3.96875,18.75,52.37117512619412
4,PHO,WE,N,0,8,26,130,0.4,2.0,0.0,61.6764705882353,10.5,18.91176470588235,13.558823529411764,9.117647058823529,14.088235294117647,3.264705882352941,19.529411764705884,46.54572673008887,66.76470588235294,8.911764705882353,23.852941176470587,14.970588235294118,8.088235294117647,17.941176470588236,4.294117647058823,19.61764705882353,51.923057015360264
5,PHO,WE,N,0,17,17,164,0.42073170731707316,2.0,0.0,67.6470588235294,7.764705882352941,19.176470588235293,14.735294117647058,8.294117647058824,13.647058823529411,4.029411764705882,22.0,52.07482228416011,65.73529411764706,9.088235294117647,20.91176470588235,13.411764705882353,6.647058823529412,15.764705882352942,4.029411764705882,19.41176470588235,51.48950727139836
6,PHO,WE,N,0,16,18,198,0.4292929292929293,2.0,0.0,69.44117647058823,10.058823529411764,21.176470588235293,16.147058823529413,7.147058823529412,15.205882352941176,5.264705882352941,20.5,50.35725606007881,69.23529411764706,9.382352941176471,20.735294117647058,13.823529411764707,7.794117647058823,14.205882352941176,3.2941176470588234,19.764705882352942,50.66160751608765
7,PHO,WE,N,0,18,16,232,0.44396551724137934,2.0,0.0,87.05882352941177,9.823529411764707,23.852941176470587,18.823529411764707,8.088235294117647,13.0,3.735294117647059,21.794117647058822,53.18089783266857,84.67647058823529,12.0,25.735294117647058,17.0,6.794117647058823,15.794117647058824,3.7058823529411766,19.676470588235293,50.04633867969302
8,PHO,WE,Y,1,23,11,266,0.47368421052631576,11.0,0.6363636363636364,88.97058823529412,8.205882352941176,25.676470588235293,20.08823529411765,8.382352941176471,14.294117647058824,4.676470588235294,19.352941176470587,53.64272473177485,85.41176470588235,13.088235294117647,27.794117647058822,18.470588235294116,7.176470588235294,17.5,3.2058823529411766,20.11764705882353,52.70863513310454
9,PHO,WE,N,0,16,18,300,0.47333333333333333,11.0,0.6363636363636364,88.52941176470588,11.029411764705882,25.029411764705884,16.470588235294116,6.823529411764706,14.382352941176471,4.588235294117647,23.352941176470587,52.96047326559127,88.5,12.941176470588236,25.235294117647058,19.11764705882353,6.882352941176471,14.705882352941176,3.7941176470588234,21.08823529411765,50.513789742831506
10,PHO,WE,Y,1,23,11,334,0.4940119760479042,22.0,0.6363636363636364,92.82352941176471,8.352941176470589,26.647058823529413,18.38235294117647,6.617647058823529,14.705882352941176,5.323529411764706,21.764705882352942,56.7059019538129,89.1470588235294,12.382352941176471,25.41176470588235,17.852941176470587,7.647058823529412,13.529411764705882,4.205882352941177,19.735294117647058,50.352661225223116
1,POR,WE,N,0,10,22,32,0.3125,0.0,0.0,67.34375,9.65625,19.59375,15.0,8.28125,18.53125,2.90625,23.78125,48.377280686772096,71.96875,9.59375,20.1875,15.21875,8.65625,16.59375,4.0625,22.78125,50.5157322794304
2,POR,WE,N,0,11,21,64,0.328125,0.0,0.0,65.25,9.375,21.75,14.09375,7.625,15.625,3.3125,19.78125,48.47754212100367,68.8125,10.71875,23.84375,15.65625,9.15625,14.8125,4.5,20.09375,49.91472615343437
3,POR,WE,N,0,16,16,96,0.3854166666666667,0.0,0.0,68.59375,9.59375,20.03125,15.375,7.46875,15.40625,3.75,19.46875,49.22229470540575,69.59375,10.4375,21.1875,15.1875,8.5,15.875,4.34375,19.25,50.4054078061433
1,SAC,WE,Y,0,21,11,32,0.65625,2.0,0.0,73.21875,12.125,20.3125,17.71875,10.375,14.3125,4.90625,17.84375,47.989193561185736,68.0,10.0,19.71875,15.71875,7.0625,16.375,3.625,18.75,50.700345534784304
2,SAC,WE,Y,0,20,12,64,0.640625,7.0,0.42857142857142855,71.6875,11.6875,22.59375,17.4375,8.625,15.4375,4.9375,18.375,51.627904943335636,66.84375,10.71875,20.6875,15.5,8.15625,15.03125,4.46875,19.25,46.979699424335244
3,SAC,WE,N,0,14,18,96,0.5729166666666666,7.0,0.42857142857142855,67.6875,9.40625,20.25,15.625,7.71875,14.25,3.40625,21.09375,48.03603346990183,71.6875,11.0,22.59375,15.40625,7.28125,15.5,4.0,19.78125,50.14659425811651
4,SAC,WE,Y,0,19,15,130,0.5692307692307692,13.0,0.46153846153846156,67.61764705882354,10.264705882352942,21.11764705882353,16.705882352941178,8.735294117647058,13.558823529411764,3.588235294117647,18.852941176470587,46.83836519835798,65.17647058823529,10.147058823529411,22.08823529411765,15.176470588235293,6.588235294117647,16.941176470588236,4.147058823529412,18.823529411764707,48.58484437577627
5,SAC,WE,Y,0,18,16,164,0.5609756097560976,19.0,0.47368421052631576,68.0,11.441176470588236,18.676470588235293,15.264705882352942,9.235294117647058,14.264705882352942,3.4705882352941178,18.852941176470587,49.84793349485357,65.91176470588235,9.117647058823529,19.88235294117647,15.088235294117647,7.088235294117647,17.441176470588236,3.4411764705882355,19.0,51.05566550909598
6,SAC,WE,Y,1,25,9,198,0.5909090909090909,27.0,0.5925925925925926,68.5,10.852941176470589,19.823529411764707,15.5,8.941176470588236,14.705882352941176,3.176470588235294,20.11764705882353,49.099979328252,61.55882352941177,8.029411764705882,20.41176470588235,13.617647058823529,6.911764705882353,18.294117647058822,3.8823529411764706,21.264705882352942,48.1498783648375
7,SAC,WE,Y,0,21,13,232,0.5948275862068966,36.0,0.6111111111111112,74.61764705882354,12.294117647058824,21.176470588235293,14.970588235294118,9.705882352941176,15.941176470588236,2.588235294117647,19.705882352941178,49.7214229707149,70.70588235294117,8.647058823529411,21.323529411764707,14.911764705882353,7.176470588235294,18.61764705882353,4.205882352941177,20.205882352941178,50.054765549034876
8,SAC,WE,Y,0,19,15,266,0.5902255639097744,39.0,0.5897435897435898,74.32352941176471,13.294117647058824,21.264705882352942,15.794117647058824,9.558823529411764,17.970588235294116,2.9705882352941178,18.88235294117647,51.04614425889048,72.94117647058823,9.058823529411764,21.11764705882353,15.941176470588236,8.058823529411764,19.08823529411765,4.147058823529412,20.264705882352942,51.309347970134034
9,SAC,WE,Y,0,18,16,300,0.5833333333333334,42.0,0.5714285714285714,74.8529411764706,11.411764705882353,21.205882352941178,13.911764705882353,9.382352941176471,17.235294117647058,2.264705882352941,20.294117647058822,51.37739317134109,75.61764705882354,9.058823529411764,22.558823529411764,17.08823529411765,7.852941176470588,18.352941176470587,6.0588235294117645,22.323529411764707,51.579356475454375
10,SAC,WE,N,0,12,22,334,0.5598802395209581,42.0,0.5714285714285714,76.76470588235294,11.5,22.441176470588236,15.882352941176471,8.5,17.176470588235293,2.8823529411764706,18.970588235294116,51.938065416862656,79.11764705882354,9.588235294117647,20.647058823529413,18.441176470588236,7.705882352941177,16.941176470588236,4.323529411764706,20.705882352941178,54.471919724688846
4,SAS,WE,N,0,12,22,34,0.35294117647058826,0.0,0.0,65.1470588235294,10.294117647058824,23.38235294117647,12.588235294117647,5.5,15.088235294117647,4.911764705882353,21.41176470588235,46.97316931706386,71.38235294117646,11.441176470588236,23.029411764705884,15.588235294117647,8.088235294117647,12.470588235294118,4.117647058823529,19.676470588235293,47.92558243290912
5,SAS,WE,N,0,9,25,68,0.3088235294117647,0.0,0.0,64.44117647058823,8.882352941176471,20.61764705882353,14.5,8.0,15.088235294117647,3.1176470588235294,18.470588235294116,50.51549404684524,69.52941176470588,9.529411764705882,20.88235294117647,16.91176470588235,8.235294117647058,14.470588235294118,3.7941176470588234,18.352941176470587,51.588712995269404
6,SAS,WE,N,0,7,27,102,0.27450980392156865,0.0,0.0,62.970588235294116,7.529411764705882,20.294117647058822,12.735294117647058,5.735294117647059,15.735294117647058,2.6470588235294117,19.11764705882353,50.42530745167247,70.61764705882354,10.323529411764707,20.705882352941178,16.558823529411764,8.323529411764707,12.617647058823529,4.352941176470588,20.147058823529413,51.398246736412275
7,SAS,WE,N,0,13,21,136,0.3014705882352941,0.0,0.0,74.20588235294117,10.411764705882353,23.941176470588236,15.882352941176471,7.235294117647059,14.352941176470589,2.4411764705882355,17.941176470588236,49.85643414315111,76.55882352941177,10.941176470588236,25.441176470588236,16.470588235294116,7.470588235294118,14.117647058823529,3.7941176470588234,18.852941176470587,51.8564840097548
8,SAS,WE,Y,0,20,14,170,0.3588235294117647,5.0,0.4,74.02941176470588,9.5,22.470588235294116,16.676470588235293,8.323529411764707,16.41176470588235,3.823529411764706,19.205882352941178,53.13522070501225,73.05882352941177,10.617647058823529,22.823529411764707,15.176470588235293,7.5588235294117645,17.147058823529413,4.029411764705882,18.205882352941178,50.51037636907152
9,SAS,WE,Y,0,24,10,204,0.4166666666666667,14.0,0.42857142857142855,74.88235294117646,7.235294117647059,24.91176470588235,17.676470588235293,8.0,15.441176470588236,4.411764705882353,17.705882352941178,52.701601695271926,71.11764705882354,11.441176470588236,24.029411764705884,14.705882352941176,8.176470588235293,15.529411764705882,3.2058823529411766,19.58823529411765,47.624980493727854
10,SAS,WE,Y,0,15,19,238,0.42016806722689076,17.0,0.4117647058823529,76.91176470588235,8.264705882352942,22.58823529411765,17.58823529411765,7.5588235294117645,14.970588235294118,3.411764705882353,17.529411764705884,51.72555349703954,78.26470588235294,10.705882352941176,24.235294117647058,15.558823529411764,7.882352941176471,14.764705882352942,3.5294117647058822,18.91176470588235,52.419303449524804
1,SEA,WE,N,0,6,26,32,0.1875,0.0,0.0,56.9375,8.0,16.78125,12.1875,7.96875,16.40625,2.90625,20.25,45.27877351406763,67.84375,9.0,22.53125,15.8125,8.875,16.53125,3.84375,19.3125,52.12766817728429
2,SEA,WE,N,0,10,22,64,0.25,0.0,0.0,60.03125,9.5625,18.28125,12.875,8.53125,13.46875,3.96875,18.90625,45.79538766723555,64.0,9.25,23.625,15.375,7.125,16.21875,3.96875,18.375,52.02920180594599
3,SEA,WE,Y,0,17,15,96,0.34375,2.0,0.0,68.375,11.3125,19.78125,16.0625,8.8125,14.90625,4.71875,19.46875,51.23595840439394,65.71875,9.59375,20.6875,15.25,7.9375,16.59375,3.90625,17.59375,48.99983004666467
4,SEA,WE,N,0,18,16,130,0.3923076923076923,2.0,0.0,70.23529411764706,10.058823529411764,21.529411764705884,16.11764705882353,6.823529411764706,13.676470588235293,4.0588235294117645,18.941176470588236,51.5583090056331,66.88235294117646,10.352941176470589,20.264705882352942,13.411764705882353,7.205882352941177,13.5,3.0588235294117645,16.764705882352942,49.73096899980213
5,SEA,WE,Y,1,20,14,164,0.4329268292682927,10.0,0.6,71.67647058823529,10.294117647058824,20.852941176470587,16.235294117647058,8.882352941176471,14.676470588235293,3.8529411764705883,19.558823529411764,52.888968762807906,66.58823529411765,8.911764705882353,19.970588235294116,14.911764705882353,7.411764705882353,15.5,4.029411764705882,19.941176470588236,49.92929802712411
6,SEA,WE,Y,0,20,14,198,0.4595959595959596,13.0,0.5384615384615384,73.47058823529412,9.5,22.823529411764707,15.294117647058824,5.911764705882353,15.176470588235293,4.647058823529412,19.323529411764707,52.007618767338705,70.79411764705883,9.823529411764707,20.176470588235293,16.705882352941178,7.852941176470588,12.882352941176471,4.529411764705882,20.323529411764707,49.61088550180175
7,SEA,WE,Y,0,18,16,232,0.4698275862068966,16.0,0.5,77.76470588235294,9.617647058823529,24.147058823529413,15.117647058823529,6.823529411764706,16.764705882352942,3.735294117647059,20.058823529411764,52.620538629419144,75.73529411764706,9.470588235294118,20.852941176470587,15.294117647058824,8.735294117647058,14.264705882352942,3.3823529411764706,20.08823529411765,50.45696751704143
8,SEA,WE,Y,0,17,17,266,0.47368421052631576,18.0,0.4444444444444444,80.41176470588235,10.117647058823529,24.11764705882353,15.676470588235293,7.117647058823529,15.676470588235293,4.4411764705882355,18.235294117647058,53.357761327935314,77.8529411764706,9.794117647058824,22.38235294117647,17.38235294117647,8.0,14.558823529411764,3.2941176470588234,18.88235294117647,53.67551928550667
9,SEA,WE,Y,0,22,12,300,0.49333333333333335,21.0,0.42857142857142855,73.32352941176471,10.0,24.176470588235293,15.588235294117647,7.911764705882353,15.470588235294118,4.117647058823529,20.11764705882353,49.985930873762,70.76470588235294,9.764705882352942,22.352941176470587,14.647058823529411,7.735294117647059,15.147058823529411,3.3823529411764706,19.823529411764707,48.99749817587932
10,SEA,WE,Y,0,20,14,334,0.5029940119760479,24.0,0.4166666666666667,74.82352941176471,9.294117647058824,23.176470588235293,15.764705882352942,8.117647058823529,16.323529411764707,4.411764705882353,20.88235294117647,52.21476816568745,72.82352941176471,9.764705882352942,21.941176470588236,15.205882352941176,8.088235294117647,16.323529411764707,3.8529411764705883,19.764705882352942,50.5197105319103
1,UTA,WE,N,0,18,14,32,0.5625,0.0,0.0,75.40625,10.875,22.875,16.3125,6.6875,17.0,4.90625,21.8125,51.97651947048024,75.21875,9.78125,18.6875,15.71875,9.40625,13.65625,3.5,21.9375,50.75244248530883
2,UTA,WE,Y,0,19,13,64,0.578125,2.0,0.0,68.96875,9.21875,24.21875,16.375,6.3125,15.40625,4.875,19.4375,50.31329033596985,68.5,10.75,19.6875,14.9375,8.59375,12.1875,4.625,20.15625,47.7191960086697
3,UTA,WE,Y,0,20,12,96,0.59375,7.0,0.2857142857142857,75.5625,10.84375,22.53125,14.9375,7.125,16.3125,5.5625,20.78125,52.110084204835296,73.25,11.28125,20.15625,15.28125,8.125,13.875,4.65625,22.625,49.864176523252645
1,WAS,EA,Y,0,14,18,32,0.4375,2.0,0.0,68.0,9.375,20.1875,16.28125,7.65625,15.8125,3.9375,18.65625,49.38376185725696,69.40625,9.34375,19.125,16.03125,8.15625,14.25,3.1875,18.59375,50.47566054719708
2,WAS,EA,N,0,10,22,64,0.375,2.0,0.0,60.25,11.125,21.84375,13.25,8.03125,15.46875,3.96875,16.78125,44.21731250747328,64.84375,10.34375,23.03125,15.21875,8.15625,14.1875,3.21875,16.96875,50.25225423689969
3,WAS,EA,Y,0,17,15,96,0.4270833333333333,7.0,0.42857142857142855,66.71875,10.3125,22.125,16.125,6.90625,14.21875,2.9375,18.21875,51.44129047237649,66.125,9.65625,21.25,13.8125,7.40625,13.78125,3.15625,17.8125,49.35155609399962
4,WAS,EA,N,0,9,25,130,0.38461538461538464,7.0,0.42857142857142855,68.52941176470588,11.235294117647058,20.676470588235293,16.705882352941178,6.264705882352941,13.588235294117647,2.911764705882353,19.88235294117647,49.04386886502326,73.47058823529412,9.823529411764707,22.970588235294116,17.38235294117647,7.382352941176471,13.764705882352942,3.5,16.61764705882353,51.28359556001754
5,WAS,EA,Y,0,17,17,164,0.40853658536585363,10.0,0.4,68.38235294117646,9.911764705882353,21.352941176470587,13.735294117647058,7.5,12.470588235294118,3.764705882352941,19.176470588235293,50.20744977981172,70.11764705882354,9.882352941176471,22.647058823529413,15.705882352941176,6.970588235294118,14.470588235294118,3.264705882352941,18.441176470588236,50.53932597096748
6,WAS,EA,N,0,16,18,198,0.41919191919191917,10.0,0.4,66.55882352941177,7.823529411764706,19.91176470588235,15.205882352941176,7.647058823529412,12.794117647058824,2.235294117647059,20.5,49.863695008960434,67.79411764705883,7.852941176470588,22.264705882352942,16.029411764705884,6.029411764705882,14.823529411764707,3.176470588235294,18.764705882352942,51.53428618112991
7,WAS,EA,Y,0,18,16,232,0.4353448275862069,12.0,0.3333333333333333,80.79411764705883,9.705882352941176,22.647058823529413,16.941176470588236,9.0,15.911764705882353,3.323529411764706,23.058823529411764,51.95757603293944,78.1470588235294,9.441176470588236,21.176470588235293,17.147058823529413,7.411764705882353,16.852941176470587,2.6176470588235294,20.205882352941178,51.584105987700966
8,WAS,EA,N,0,16,18,266,0.4398496240601504,12.0,0.3333333333333333,76.02941176470588,9.852941176470589,23.029411764705884,13.882352941176471,8.294117647058824,16.794117647058822,3.911764705882353,22.441176470588236,50.30151740958577,77.61764705882354,11.264705882352942,24.264705882352942,16.147058823529413,7.529411764705882,17.029411764705884,3.0294117647058822,22.41176470588235,50.751489072890124
9,WAS,EA,N,0,10,24,300,0.42333333333333334,12.0,0.3333333333333333,69.6470588235294,10.647058823529411,22.647058823529413,14.205882352941176,7.088235294117647,18.735294117647058,2.735294117647059,22.264705882352942,47.6578951765308,76.5,9.0,23.147058823529413,15.941176470588236,9.235294117647058,15.588235294117647,4.294117647058823,20.823529411764707,50.830791847766534
10,WAS,EA,Y,0,16,18,334,0.4281437125748503,14.0,0.2857142857142857,76.02941176470588,11.411764705882353,23.61764705882353,13.323529411764707,9.235294117647058,17.852941176470587,3.4705882352941178,21.323529411764707,48.35834801133243,77.11764705882354,9.470588235294118,23.205882352941178,15.411764705882353,9.264705882352942,16.941176470588236,4.588235294117647,22.88235294117647,50.88571096669132
